Apples, Beetroot, Brussels Sprouts, Carrots, Celeriac, Celery, Chicory, Jerusalem Artichokes, Kale, Leeks, Mushrooms, Onions, Parsnips, Pears, Red Cabbage, Salsify, Savoy Cabbage, Spring Greens, Spring Onions, Squash, Swedes, Turnips, White Cabbage
Apples, Beetroot, Brussels Sprouts, Carrots, Celeriac, Chicory, Jerusalem Artichokes, Kale, Leeks, Mushrooms, Onions, Parsnips, Pears, Purple Sprouting Broccoli, Red Cabbage, Salsify, Savoy Cabbage, Spring Greens, Spring Onions, Squash, Swedes, White Cabbage
Artichoke, Beetroot, Carrots, Chicory, Leeks, Parsnip, Purple Sprouting Broccoli, Radishes, Rhubarb, Sorrel, Spring Greens, Spring Onions, Watercress
Artichoke, Beetroot, Carrots, Chicory, New Potatoes, Kale, Morel Mushrooms, Parsnips, Radishes, Rhubarb, Rocket, Sorrel, Spinach, Spring Greens, Spring Onions, Watercress
Artichoke, Asparagus, Aubergine, Beetroot, Chicory, Chillies, Elderflowers, Lettuce, Marrow, New Potatoes, Peas, Peppers, Radishes, Rhubarb, Rocket, Samphire, Sorrel, Spinach, Spring Greens, Spring Onions, Strawberries, Sweetheart Cabbage, Watercress
Asparagus, Aubergine, Beetroot, Blackcurrants, Broad Beans, Broccoli, Cauliflower, Cherries, Chicory, Chillies, Courgettes, Cucumber, Elderflowers, Gooseberries, Lettuce, Marrow, New Potatoes, Peas, Peppers, Radishes, Raspberries, Redcurrants, Rhubarb, Rocket, Runner Beans, Samphire, Sorrel, Spring Greens, Spring Onions, Strawberries, Summer Squash, Sweetheart Cabbage, Swiss Chard, Tayberries, Turnips, Watercress
Aubergine, Beetroot, Blackberries, Blackcurrants, Blueberries, Broad Beans, Broccoli, Carrots, Cauliflower, Cherries, Chicory, Chillies, Courgettes, Cucumber, Gooseberries, Greengages, Fennel, French Beans, Garlic, Kohlrabi, Loganberries, New Potatoes, Onions, Peas, Potatoes, Radishes, Raspberries, Redcurrants, Rhubarb, Rocket, Runner Beans, Samphire, Sorrel, Spring Greens, Spring Onions, Strawberries, Summer Squash, Sweetheart Cabbage, Swish Chard, Tomatoes, Turnips, Watercress
Aubergine, Beetroot, Blackberries, Blackcurrants, Broad Beans, Broccoli, Carrots, Cauliflower, Cherries, Chicory, Chillies, Courgettes, Cucumber, Damsons, Fennel, French Beans, Garlic, Greengages, Kohlrabi, Leeks, Lettuce, Loganberries, Mangetout, Marrow, Mushrooms, Parsnips, Peas, Peppers, Potatoes, Plums, Pumpkin, Radishes, Raspberries, Redcurrants, Rhubarb, Rocket, Runner Beans, Samphire, Sorrel, Spring Greens, Spring Onions, Strawberries, Summer Squash, Sweetcorn, Sweetheart Cabbage, Swiss Chard, Tomatoes, Watercress, White Cabbage
Aubergine, Beetroot, Blackberries, Broccoli, Brussels Sprouts, Butternut Squash, Carrots, Cauliflower, Celery, Courgettes, Chicory, Chillies, Cucumber, Damsons, Garlic, Kale, Kohlrabi, Leeks, Lettuce, Mangetout, Marrow, Onions, Parsnips, Pears, Peas, Peppers, Plums, Potatoes, Pumpkin, Radishes, Raspberries, Red Cabbage, Rhubarb, Rocket, Runner Beans, Samphire, Sorrel, Spinach, Spring Greens, Spring Onions, Strawberries, Summer Squash, Sweetcorn, Sweetheart Cabbage, Swiss Chard, Tomatoes, Turnips, Watercress, Wild Mushrooms, White Cabbage
Aubergine, Apples, Beetroot, Blackberries, Broccoli, Brussels Sprouts, Butternut Squash, Carrots, Cauliflower, Celeriac, Celery, Chestnuts, Chicory, Chillies, Courgette, Cucumber, Elderberries, Kale, Leeks, Lettuce, Marrow, Onions, Parsnips, Pears, Peas, Potatoes, Pumpkin, Quince, Radishes, Red Cabbage, Rocket, Runner Beans, Salsify, Savoy Cabbage, Spinach, Spring Greens, Spring Onions, Summer Squash, Swede, Sweetcorn, Sweetheart Cabbage, Swiss Chard, Tomatoes, Turnips, Watercress, Wild Mushrooms, Winter Squash, White Cabbage
Apples, Beetroot, Brussels Sprouts, Butternut Squash, Carrots, Cauliflower, Celeriac, Celery, Chestnuts, Chicory, Cranberries, Elderberries, Jerusalem Artichokes, Kale, Leeks, Onions, Parsnips, Pears, Potatoes, Pumpkin, Quince, Red Cabbage, Salsify, Savoy Cabbage, Swede, Swiss Chard, Turnips, Watercress, Wild Mushrooms, Winter Squash, White Cabbage
Apples, Beetroot, Brussels Sprouts, Carrots, Celeriac, Celery, Chestnuts, Chicory, Cranberries, Jerusalem Artichokes, Kale, Leeks, Mushrooms, Onions, Parsnips, Pears, Potatoes, Pumpkin, Quince, Red Cabbage, Salsify, Savoy Cabbage, Swede, Swiss Chard, Turnips, Watercress, Winter Squash, White Cabbage